client_send_ts,request_id,func_id,trace_start_time,prompt,response,response_label,response_expert,e2e_time_ms,server_total_time_ms,batch_size
1763936304.2132487,1,0,10.00386004066467,Before any exam or meeting I get this knot in my stomach that just won't go away.,"The physical sensation of being nervous before a meeting or exam is a common experience. While it can be uncomfortable, it's a normal response to potential stress. However, it's interesting that you mention this sensation being similar to that experienced by others who are anxious. What other physical sensations are commonly reported by individuals who experience anxiety? And what can be done to help manage these physical symptoms?",depression,depression,14131.68580000638,13851.409199996851,1
1763936294.3850906,0,0,0.0014909000396727962,Before any exam or meeting I get this knot in my stomach that just won't go away.,"The pre-exam jitters can be overwhelming. While anxiety is a natural response to this situation, it's crucial to differentiate it from a full-blown anxiety disorder. The key is to recognize that the physical symptoms, such as a knot in the stomach, are a reflection of the anxiety and can be managed with techniques like deep breathing, progressive muscle relaxation, or mindfulness meditation. While these methods can help calm the body, they shouldn't be relied upon as the sole means of managing anxiety, as they can also lead to a decrease in the physiological response to the anxiety. For more severe cases of pre-exam anxiety, it may be",depression,depression,24318.474100000458,24047.073099995032,1
1763936354.2070699,2,0,60.00547790527344,I overthink every tiny thing I say to people and then replay it in my head for hours.,This pattern of overthinking and reevaluation can be detrimental to mental health. It may lead to feelings of self-doubt and anxiety when those thoughts don't align with current beliefs. What are some strategies to address this overthinking and reevaluation?,depression,depression,6344.809399975929,6087.612999981502,1
1763936384.2323496,3,0,90.01654106521606,"I keep feeling on edge lately, like something bad is about to happen even when everything is fine.","This feeling of impending danger is a common symptom of OCD. The individual is experiencing intrusive thoughts that trigger distress, making them feel on edge. These thoughts can be extremely distressing, and the person might even start to question their own sanity by thinking that others have these intrusive thoughts as well. The goal of exposure and response prevention (ERP) therapy is to gradually increase exposure to these distressing thoughts, allowing the person to learn that their fears are disproportionate to the potential harm and that they can tolerate the discomfort. The aim is to build resilience against these intrusive thoughts.",ocd,ocd,25429.097600019304,25164.11829998833,1
1763936414.2282147,4,0,120.01682395935059,"Crowded places make me feel trapped, and all I want to do is run away.","It's normal to feel this way, especially when overwhelming situations evoke strong emotions. Recognize that your distress in crowded places is a common experience, and it doesn't mean you're crazy or broken. It's a testament to your vulnerability and the challenges you face. While running away might seem appealing, it's crucial to understand that this behavior can harm others and yourself. Instead, consider reaching out for support, whether it's a trusted friend, family member, or mental health professional. They can offer guidance and help you develop coping strategies. Remember, it's okay to ask for help.",schizophrenia,schizophrenia,25316.037900018273,25277.394600008847,1
1763936444.2435267,5,0,150.02199108314514,"I keep feeling on edge lately, like something bad is about to happen even when everything is fine.","Feeling on edge can be quite distressing, and it might be helpful to explore the triggers for these sensations. Is there a particular situation or thought that tends to exacerbate the feeling? Identifying and addressing these potential stressors could provide relief. Additionally, considering exposure therapy, which involves gradually exposing oneself to the feared stimulus or thought, could be a useful approach. This involves practicing tolerance and building resilience. For example, if the thought of ""bad news"" is causing distress, a therapist might guide you to calmly sit with that thought for a short period, focusing on the present moment rather than anticipating negative outcomes. Over time, the",ocd,ocd,23689.465200004634,23661.348399997223,1
1763962822.9616232,0,0,1.0,I overthink every tiny thing I say to people and then replay it in my head for hours.,"This overthinking is a classic symptom of anxiety and can be particularly challenging in social situations. The constant replaying of thoughts and perceived judgments can lead to feelings of embarrassment, self-doubt, and even isolation. What strategies can help you manage this anxiety and reduce the need for constant reassurance?",depression,depression,32563.604699999814,32255.3276000001,4
1763962822.977254,1,0,1.0,Before any exam or meeting I get this knot in my stomach that just won't go away.,"It's common for people to experience a physical sense of anxiety or nervousness before important events. This'stomach knot' is a normal reaction and can be managed. Before the event, take a few deep breaths, mentally prepare, and focus on positive, relevant information. This can help you feel more confident and prepared. Even if you're not an expert, knowing a few key points can be reassuring. Remember that your nervousness is a natural response, not a sign of weakness. The actual event is a significant opportunity to learn and grow. What's the typical duration of this physical reaction, and what strategies do you find",depression,depression,32550.07539999997,32271.844199999803,4
1763962822.977254,2,0,1.0,Before any exam or meeting I get this knot in my stomach that just won't go away.,"This physical discomfort is a common pre-exam or pre-meeting sensation, often described as a tightness or aching feeling in the stomach. While it might not always be directly related to the task at hand, its presence can be a significant distraction and interfere with focus and productivity. What are some potential strategies to manage this physical discomfort?",depression,depression,32550.213100000066,32272.015099999862,4
1763962822.977254,3,0,1.0,Before any exam or meeting I get this knot in my stomach that just won't go away.,"The physical sensation of anxiety can be overwhelming. What is a common, effective technique to manage this physical feeling of anxiety? What is its historical basis, and what is the proposed mechanism of action?",depression,depression,32550.41680000022,32272.148199999945,4
1763964357.5211422,3,1,1.0,My mood keeps swinging between feeling like a genius and feeling like a complete failure.,"This mood swing between brilliance and inadequacy suggests significant emotional dysregulation. The fact that it's triggered by external stimuli like 'deaths of loved ones' or 'unfair events' indicates a high level of stress sensitivity and potentially a diagnosable condition like bipolar disorder. The fact that it's persistent and doesn't seem to be influenced by external circumstances, even when 'bad' events occur, suggests a disorder with very long-standing symptoms, like cyclothymia. This suggests that while some understanding of mood swings and their triggers is important, the precise diagnosis and treatment should be grounded in empirical research. Is there a particular",depression,depression,26390.549100000044,26108.743700000105,2
1763964357.5201428,2,1,1.0,My mood keeps swinging between feeling like a genius and feeling like a complete failure.,"This cyclical experience, where mood swings from elation to despair, is common among individuals with Major Depressive Disorder. The feeling of being a genius is often a remnant of earlier, more optimistic periods, while the feeling of being a complete failure may be a reflection of current self-doubt. It's important to recognize that these mood swings are not necessarily a reflection of one's current abilities or worth, but rather a symptom of the disorder. Therapeutic strategies aim to stabilize mood and reframe negative self-perceptions. Medications like antidepressants and mood stabilizers can also play a role in managing these mood swings. Cognitive-be",depression,depression,26391.21380000006,26109.861799999635,2
1763964357.50319,0,0,1.0,"Crowded places make me feel trapped, and all I want to do is run away.","When crowded places trigger these feelings of being trapped, it's often a result of the overwhelming number of people, the sensation of being in a confined space, and the desire for escape. These experiences can be triggering for OCD symptoms and are not indicative of a deeper sense of anxiety or fear. Instead, the individual's response to these situations is often an avoidance mechanism, such as avoiding crowded areas or seeking out more spacious environments. This avoidance can escalate anxiety and trigger OCD symptoms, including checking and reassurance rituals. Therapists help clients develop coping strategies, such as exposure therapy within a safety net, to manage these feelings and reduce anxiety.",ocd,ocd,47998.55170000001,47698.233499999784,1
1763964357.5201428,1,0,1.0,I overthink every tiny thing I say to people and then replay it in my head for hours.,"The described behavior of intense self-talk followed by prolonged reflection is a common manifestation of anticipatory anxiety. It's a natural response to feel like you're under scrutiny. However, the prolonged reflection can sometimes become detrimental. While it's beneficial to reflect on your actions, the excessive focus on potential negative outcomes can be overwhelming. It might be helpful to practice self-compassion and reframe the reflection as a means to understand yourself rather than become entangled in catastrophic thoughts. This could involve acknowledging the potential impact of your words, but not letting it dictate your thoughts. Mindfulness techniques might also be beneficial in moderating this excessive self-reflection",anxiety,anxiety,67675.91429999993,67391.26999999963,1
1763964560.3104873,0,0,1.0,"My heart races, my hands shake, and I can't focus whenever I have to talk to someone new.","The symptoms described, such as heart racing, hand tremors, and difficulty concentrating when speaking to new individuals, are indicative of a specific phobia. These reactions are consistent with the intense anxiety and physiological responses typically experienced during a diagnostic interview with a new therapist. The difficulty in tolerating these symptoms also aligns with the diagnosis of a specific phobia, where the fear is disproportionate to the situation and the individual has tried various coping mechanisms. Treatment for specific phobias often involves exposure therapy, where the individual gradually becomes comfortable with the feared situation, and can be delivered in various formats such as in vivo exposure, imagined exposure, or cognitive",anxiety,anxiety,51257.15420000006,50945.80809999979,2
1763964560.3164878,1,0,1.0,"My heart races, my hands shake, and I can't focus whenever I have to talk to someone new.","These physical symptoms you've described, such as palpitations, hand tremors, and difficulty focusing, are examples of neurobiological responses to chronic stress. The brain has become sensitized to these threats, leading to the release of stress hormones like cortisol and adrenaline. These chemicals can cause a cascade of effects, including a decrease in cognitive functioning and a heightened arousal state. This is why individuals experiencing social anxiety might feel so overwhelmed by the need to interact with others. It's as if their nervous system has become habituated to the constant activation, making it even more difficult to regulate their physiological responses and maintain focus. Treatment strategies, such as",anxiety,anxiety,51253.42809999984,50973.820199999864,2
1763964565.144562,2,1,6.0,"Some days I feel unstoppable, barely sleep, and start a dozen projects, then suddenly crash for days.","This pattern suggests an intense focus and creativity, which can be motivating but also highly taxing. It's common for individuals with intense mental states to experience rapid cycling between mania, hypomania, and depression. The fact that you're highly productive, except for a few days a month, and then experience intense mental energy might be linked to bipolar disorder, particularly a manic episode. This intense activity can be a reflection of the manic state, but it's also important to consider the potential impact on your physical and mental health. How do you currently manage this intense mental energy and the associated physical and mental challenges?",bipolar,bipolar,58944.297499999724,58637.414900000294,1
1763964565.1440532,3,1,6.0,"There are weeks when I talk super fast and make big plans, then later I can't understand what I was thinking.","This phenomenon is often referred to as 'unconscious speech.' During these periods, you might struggle to comprehend your own thoughts, feelings, and intentions, even if you've had clear goals and plans. This is likely due to the initial excitement and the need to process information quickly, followed by a slower realization of the implications. Your therapist can help you develop strategies to better manage this process and increase self-awareness.",ocd,ocd,77396.96800000002,77112.8835999998,1
1763964946.1577728,1,0,1.0,"I keep feeling on edge lately, like something bad is about to happen even when everything is fine.","This feeling of being on edge can be quite distressing. While it's not directly indicative of OCD, it can be a symptom. A significant clue, however, is whether you experience intrusive thoughts or distress when you're thinking about these 'negative' thoughts. If you're experiencing distress or discomfort from these thoughts, it's a good indicator that they might be part of your OCD presentation. Additionally, are you performing compulsions as a way to neutralize or reduce this feeling of unease? If so, this might be contributing to the 'edgeiness.' If not, the presence of these thoughts and distress can be a hallmark of OCD",ocd,,16929.58950000002,16635.97619999973,1
1763964946.1477578,0,0,1.0,I overthink every tiny thing I say to people and then replay it in my head for hours.,"The experience of overthinking and the prolonged replay of perceived missteps are key components of anxiety in this context. The fear of being judged or evaluated leads to a cycle of rumination and self-reflection. This can be particularly challenging for individuals who have experienced intense anxiety in the past. While therapy can provide new perspectives and coping strategies, the initial pattern of thinking appears to be a significant contributor to the observed level of anxiety. Interventions aimed at reducing the frequency and duration of these self-focused reflections, as well as developing more adaptive problem-solving skills, may be particularly beneficial. Cognitive restructuring techniques could also be applied to challenge the validity of",anxiety,,32272.152899999583,31939.27480000002,1
1763964950.9566183,3,1,6.0,My mood keeps swinging between feeling like a genius and feeling like a complete failure.,"The experience you're describing, where your mood swings from euphoria to despair, is commonly associated with bipolar disorder. This cycle of mood extremes can significantly impact daily life, making it challenging to maintain employment, relationships, or even basic functioning like hygiene and meals. While some mood swings can be intense, a complete lack of emotional regulation and the associated physical health consequences suggest a high likelihood of a bipolar diagnosis. If mood swings are a major concern and related to work or daily life, it's crucial to seek professional help. A therapist can help you understand and manage these mood swings, potentially leading to a more stable emotional state and improved well-being",depression,,43920.29819999971,43645.88469999989,1
1763964950.9566183,2,1,6.0,"There are weeks when I talk super fast and make big plans, then later I can't understand what I was thinking.","Yes, that's a common experience. What you might be experiencing is a phenomenon known as 'fast talk.' This is where individuals rapidly generate large amounts of speech, often incorporating unspoken thoughts and desires. The fact that you then struggle to understand what you were thinking in the subsequent sessions might indicate that the fast talk has been accompanied by increased anxiety, disorganization, or difficulty processing information. This can make it challenging to accurately assess your current state and plan for future interventions. It's essential to explore the underlying reasons for this rapid speech and anxiety. Are you feeling overwhelmed, unsure of how to organize your thoughts, or experiencing stress? Address",ocd,,59667.62989999961,59391.18039999994,1
1763965235.8355649,0,0,1.0,"My heart races, my hands shake, and I can't focus whenever I have to talk to someone new.","These physical symptoms you've described are indicative of anxiety. The rapid onset and intensity of these physical sensations, even when they are not necessarily indicative of a specific phobia, are common indicators of heightened anxiety. It's crucial to recognize that these feelings are temporary and can be managed with gradual exposure and reassurance. Therapy can help individuals confront their fears and develop coping strategies to manage these physical sensations during social interactions.",anxiety,,26626.233500000126,26293.57009999967,1
1763965235.84026,1,0,1.0,Before any exam or meeting I get this knot in my stomach that just won't go away.,"It's common for individuals to experience pre-exam anxiety, which can manifest as a physical discomfort, including stomach knots. This anxiety is often centered around the perceived importance of the event, the audience, or the potential outcomes. For a client attending a meeting, this might involve worrying about the topics discussed, the reactions of others, or the perceived significance of the content. Recognizing these internal tensions is a crucial first step in managing anxiety before an event. Techniques for managing pre-exam anxiety, such as relaxation exercises and visualization, can be beneficial.",ocd,,29035.785199999737,28744.535699999687,1
1763965240.643282,2,1,6.0,"There are weeks when I talk super fast and make big plans, then later I can't understand what I was thinking.","This phenomenon is often referred to as 'talking fast syndrome' (TFS). TFS occurs when individuals experience a rapid pace of speech and may make rapid plans. Subsequently, they can struggle to keep up with their own thoughts, leading to feelings of disorientation and confusion. This can be attributed to increased cognitive load and the difficulty in mentally reconciling the rapid pace of speech with the subsequent stream of consciousness. It is crucial to engage in strategies to manage and cope with TFS, such as practicing relaxation techniques or utilizing memory aids to facilitate comprehension. Addressing TFS can indirectly enhance executive functioning, a key component of OCD symptom",ocd,,39629.95959999989,39336.89279999999,1
1763965240.6422827,3,1,6.0,Sometimes I spend way too much money or make impulsive decisions and only realise how risky it was later.,"It's normal to feel regret and frustration after making a purchase or taking a risk that didn't pay off. Recognize that it's a common experience and that it doesn't define your ability to make smart financial decisions. Identify the triggers that lead to these impulsive behaviors and work on developing strategies to cope with them, such as setting a budget or tracking expenses. If needed, consider reaching out to a financial advisor for personalized guidance.",schizophrenia,,50203.435000000354,49893.57089999976,1
1763997073.3027067,0,0,1.0,"My heart races, my hands shake, and I can't focus whenever I have to talk to someone new.","This presentation suggests a high level of anxiety, particularly related to the social aspect of talking to new people. The described physical symptoms, such as rapid heart rate and unsteady hands, are common indicators of intense emotional arousal, often described as 'panic-like.' These symptoms can significantly impair an individual's ability to engage in conversation and may contribute to feelings of helplessness or dread during social interactions. Treatment strategies often focus on building confidence, managing physiological responses, and developing coping mechanisms for anxiety-provoking situations. The goal is to reduce the intensity and frequency of these intense emotional experiences, making social interactions less daunting.",anxiety,anxiety,47286.71370000302,46970.38170000087,2
1763997073.318344,1,0,1.0,"My heart races, my hands shake, and I can't focus whenever I have to talk to someone new.","These physical symptoms, particularly heart racing and hand tremors, are common anxiety responses. They are attempts by the body to prepare for potential threats or dangers. However, when these physical sensations are overwhelming the individual, they can become debilitating and interfere with the ability to focus or engage in conversation effectively. This highlights the need for effective coping mechanisms and strategies to manage and regulate these physical manifestations of anxiety. Therapies addressing these symptoms and the underlying fears are crucial for improving social functioning.",anxiety,anxiety,47273.509300001024,46983.12629999782,2
1763997416.2370436,1,0,1.0,"Crowded places make me feel trapped, and all I want to do is run away.","Experiencing crowded places can indeed trigger feelings of discomfort and a desire to escape. This is a common response to overwhelming sensory stimuli, and it's not necessarily related to the location itself. In fact, many people find that crowded places, especially those with strong smells or sounds, can be quite enjoyable and even therapeutic. It's essential to recognize that these feelings are normal and can be managed through self-regulation techniques, such as deep breathing, visualization, or physical activity, before engaging in crowded situations.",ocd,ocd,9781.96509999907,9523.292599998967,2
1763997416.2214136,0,0,1.0,"I keep feeling on edge lately, like something bad is about to happen even when everything is fine.","The sensation of being on edge, or feeling 'something is about to go wrong,' is a common experience that can be attributed to various factors. This is not indicative of an anxiety disorder, but rather a normal physiological response to stress, anxiety, or uncertainty. If the feeling persists, it would be helpful to explore the root cause. Common causes of this sensation include stress, anxiety, or the fear of the unknown. If a specific event or situation triggers these feelings, it's worth considering strategies to address the underlying anxiety or fear. This might involve relaxation techniques, social support, or identifying potential risks and developing contingency plans.",ocd,ocd,9787.74329999942,9510.522099997615,2
1763997421.0673165,3,1,6.0,"Some days I feel unstoppable, barely sleep, and start a dozen projects, then suddenly crash for days.","It's not uncommon to experience a rapid pace followed by a crash. This phenomenon is often referred to as 'projective burnout.' It can be attributed to the intense pressure and the feeling of being 'on a roll,' where the momentum from completing one task or project can carry over into subsequent ones, leading to a rapid accumulation of new projects and tasks. This can be both beneficial and detrimental. The benefit lies in the sheer volume of work completed, potentially leading to significant progress and accomplishments. However, the crash that follows can be overwhelming and may require some self-reflection to understand why it occurred. This might involve reassessing priorities",bipolar,bipolar,10213.999200001126,9951.727600000595,2
1763997421.0673165,2,1,6.0,"I get these intense bursts of energy where everything feels possible, then I spiral into regret afterward.","Intense bursts of energy can be overwhelming, and their aftermath can be particularly challenging. This phenomenon is often referred to as ""hyperarousal"" or ""hyperfocusing."" It can be a sign of an underlying neurobiological issue, such as hypomania or bipolar disorder. However, it's also possible that it's a symptom of depression or anxiety. Both conditions can present with similar energy and focus, but the underlying causes and their effects can differ significantly. In depression, individuals may feel a persistent sense of hypomanic or manic energy, even in the absence of manic symptoms. They may also experience a heightened sense of",bipolar,bipolar,10213.812699999835,9953.7657999972,2
1764002611.2589133,11,0,0.2363102149963381,"My heart races, my hands shake, and I can't focus whenever I have to talk to someone new.","Based on the symptoms described, it appears that the individual may be experiencing anxiety or panic in response to social situations. These physical sensations can be overwhelming and significantly impair performance. The text suggests that this is related to social phobia, a common anxiety disorder characterized by the fear of social or performance situations in which the predictability of outcomes is uncertain, and where the possibility of a negative evaluation exists. Treatment for social phobia typically involves exposure therapy, where the individual gradually confronts their fears in a safe and controlled environment, and cognitive-behavioral therapy, which helps individuals identify and challenge their negative thoughts and assumptions about social interactions. Medic",anxiety,anxiety,41501.16709999929,41187.913699999626,2
1764002611.2314036,0,0,0.014909000396727962,"My heart races, my hands shake, and I can't focus whenever I have to talk to someone new.","It seems like the physical symptoms you've described, such as rapid heart rate, shaking hands, and difficulty focusing, are significant enough to trigger a panic response in you. This is a classic symptom of a panic attack, and it's particularly relevant for individuals who experience overwhelming anxiety when encountering new social situations. The intense physical sensations can be so overwhelming that they become a major component of the panic experience. If you're concerned about the impact of these symptoms on your daily life, consider exploring strategies to manage them during social interactions. This might involve taking a few deep breaths before speaking, practicing relaxation techniques in low-stakes situations, or gradually",anxiety,anxiety,41522.203000000445,41193.810900000244,2
1764002611.240912,1,1,0.03860040664669384,Sometimes I spend way too much money or make impulsive decisions and only realise how risky it was later.,"Yes, that's a common phenomenon. It's often referred to as 'postmortem evaluation.' Even if you didn't realize the full severity of your actions at the time, you can still assess how risky they were and make a plan to prevent similar behavior in the future. This can be a useful exercise in personal finance, especially when it comes to credit cards, loans, or investments. By evaluating the risks and making informed decisions, you can significantly improve your financial stability and reduce the likelihood of future problems.",ocd,ocd,70771.11509999668,70428.85270000261,4
1764002611.240912,3,4,0.16541065216064688,"It's hard to tell whether some of my experiences are real or just in my head, and that scares me.","The difficulty in distinguishing between real and imagined experiences can be overwhelming. This is a common challenge in OCD and other conditions where cognitive distortions and lack of insight are prevalent. It's crucial to explore these experiences with a therapist, who can help differentiate between genuine events and those that are more in line with OCD symptoms. Cognitive therapy, which often treats OCD, also emphasizes distinguishing between a person's normal thoughts and feelings and their being ""overanalyzed"" or ""made up of paranoid fantasies."" This can involve actively questioning the nature of these experiences. For example, therapists might encourage patients to write down their thoughts before engaging in a feared task,",ocd,ocd,70772.85969999866,70468.23570000197,4
1764002611.2589133,13,3,0.2376995468139853,"I have to check the door multiple times before I can leave, or I feel something bad will happen.","Yes, the need for frequent checking can be overwhelming and lead to feelings of inaction, especially if the individual has developed a fear of checking. This can also contribute to the perception that checking is the primary obstacle. Therapists often employ strategies to reduce these avoidance behaviors, helping individuals to engage in checking without excessive anxiety. This can be achieved through exposure exercises, where the focus is on tolerating the anxiety associated with checking rather than eliminating it. The goal is to develop the confidence to act even when the initial fear is high.",ocd,ocd,70767.7709999989,70468.68290000202,4
1764002611.2589133,12,3,0.23633066177368267,I keep washing my hands over and over because they never feel clean enough.,"Hand washing compulsions can be challenging to overcome. Instead of focusing on the perceived lack of cleanliness, consider that excessive hand washing can be associated with skin problems and may even be perceived as excessive by others. Understanding that your therapist will work with you to manage these compulsions, you can focus on the goal of reducing distress and improving your overall well-being. This might involve exploring other self-care activities or coping mechanisms that can be used in place of excessive hand washing.",ocd,ocd,70769.35089999824,70467.59269999893,4
1764002612.732389,18,2,1.7183211135864251,"I keep thinking that everyone would be better off without me, even if I don't want to do anything extreme.","The text suggests that individuals with anxiety disorders may experience a sense of 'nothingness' or 'nihilism' due to the intense fear they're in. This can lead to a belief that they're not worth helping or that their problems are insurmountable. The experience of intrusive thoughts can also contribute to this nihilistic feeling. Treatment should address these existential fears and help individuals re-evaluate their worth and the value of their experiences. This might involve cognitive restructuring to challenge the catastrophic thoughts, and exploring therapeutic relationships that validate the individual's existence and potential for growth.",anxiety,anxiety,105009.73370000065,104712.0055000014,1
1764002611.2589133,9,4,0.23286991119384925,"I hear voices commenting on what I'm doing, but nobody else seems to hear them.","Yes, this is a common experience. Many people report hearing voices, but these voices are not audible to others. This phenomenon is often referred to as 'auditory hallucinations' when they occur inside the head. It can be a source of distress, as it may feel like you're being judged or criticized by the voices. However, it's also important to recognize that these voices are not reality, and their opinions or criticisms are subjective and based on the individual's internal state. They may not have any objective validity. If you're hearing voices, especially if they're critical or judging you, consider reaching out to a mental health professional",schizophrenia,schizophrenia,107508.31509999989,107211.74370000153,1
1764002611.240912,2,1,0.054779052734375,My mood keeps swinging between feeling like a genius and feeling like a complete failure.,"The fluctuation between elation and despair, where one experiences overwhelming intellectual power and another feels a crushing sense of inadequacy, is a common presentation in bipolar disorder. This cycle can significantly impact a person's daily life, causing them to miss important events, neglect their responsibilities, and experience intense emotional pain. It's crucial to have a supportive network in place to help manage these mood shifts and ensure a consistent level of care and well-being. The text also touches on the potential for comorbid conditions like personality pathology, which can further complicate the presentation of bipolar disorder. Therapeutic interventions should be tailored to address these complex emotional experiences",bipolar,bipolar,152757.338899999,152439.1754999997,2
1764002611.2589133,8,2,0.23188108444209377,"I feel like I'm constantly tired, even when I sleep enough.","Feeling tired all the time, even when well-rested, can be quite distressing. While fatigue can be a symptom of various conditions, in the context of bipolar disorder, it's often indicative of hypomanic or manic states. For instance, hypomania is often characterized by an exaggerated sense of well-being, which can manifest as increased energy and an inability to rest. However, it's crucial to distinguish this from hypomanic depression, where the individual may still experience significant depressive symptoms. If you're concerned about this pattern of fatigue, it might be helpful to have a more in-depth conversation with a healthcare provider about your",bipolar,bipolar,152754.8706000016,152396.3576999995,2
1764002611.2589133,10,3,0.23377897262573333,My mind gets stuck on certain thoughts and I can't move on until I repeat a ritual.,"It's common for thoughts to become'stuck' in the mind, and the goal is to rewire the thinking patterns to prevent self-criticism and rumination. Therapists often use techniques like 'thought storms' or'mindfulness exercises' where the focus is on observing these thoughts without engaging with them or trying to change or eliminate them. The aim is to develop greater self-awareness and learn to manage thoughts in a more constructive way. Are there any specific thought-exploration exercises or mindfulness techniques you'd like to explore further?",ocd,ocd,172366.08630000046,172064.32040000072,4
1764002611.240912,5,2,0.219910831451416,I feel like I'm just going through the motions without really being present.,"Feeling disconnected from life or being 'passive' can be indicative of an internalized sense of lack. While this isn't a definitive diagnosis, it suggests that your experiences of living might not be fully engaged or authentic. Therapists often explore 'present moment awareness' as a therapeutic area, where individuals learn to be more fully engaged in their current experience. This can involve mindfulness practices to increase awareness of thoughts, feelings, and bodily sensations in the present moment. It's a process that aims to increase authenticity and engagement in daily life. Would you like some specific mindfulness exercises to start exploring this?",ocd,ocd,172373.52310000279,172030.53619999991,4
1764002611.2565522,6,2,0.22979112625121978,"Lately nothing feels enjoyable, even the things I used to love.","The text highlights a significant decline in pleasure experiences, even for activities the individual used to enjoy. This can be a critical indicator of a potential OCD diagnosis. The description of 'fear-induced pleasure' suggests that engaging in feared activities can sometimes provide a temporary feeling of pleasure, which can be counterproductive to long-term OCD management. It's essential to explore these feelings with a therapist. If the individual feels like they're experiencing compulsive behaviors to get these pleasurable feelings, it's a red flag. The goal is to address the underlying need for pleasure and not rely on avoidance or external sources.",ocd,ocd,172371.52480000077,172064.9783000008,4
1764002611.2565522,7,1,0.23016071319580167,"There are weeks when I talk super fast and make big plans, then later I can't understand what I was thinking.","You're experiencing a phenomenon called 'language processing deficit.' This means that the brain's ability to process speech and thoughts in real-time is impaired, leading to rapid changes in communication. This can make sense of the rapid development of ideas and plans, but it's not a guarantee of stability in the future. It's a common experience for many people with OCD. To manage this, consider the 5-minute rule: when you notice your speech getting faster or less coherent, pause for 5 minutes before reacting. This gives your brain a chance to catch up.",ocd,ocd,172372.02949999846,172065.2618999993,4
1764002611.642345,15,0,0.6350395965576183,"Crowded places make me feel trapped, and all I want to do is run away.","It sounds like the stress of being in crowded areas, like shopping malls or public transportation, is overwhelming you. This is a common feeling for people experiencing mental illness. The body's stress response, or fight-or-flight response, is activated, releasing hormones like adrenaline. This can lead to physical symptoms like a racing heart, sweating, and trembling. In situations like these, it's helpful to remember that it's okay to slow down or take a break. Prioritizing your own comfort and safety is important. If possible, try to create some distance or a quiet spot to collect yourself.",schizophrenia,schizophrenia,192447.76909999928,192181.9755999968,3
1764002637.8425856,23,4,26.81822021484379,"I hear voices commenting on what I'm doing, but nobody else seems to hear them.","This is a common experience for individuals with schizophrenia. The voices you hear are not typically audible to others, even though they appear to be discussing you directly. This phenomenon is often referred to as a'silent voice.' It's a coping mechanism that some people use to manage the distressing voices. For others, it might be a source of anxiety. What's important is how this voice affects you and what you do about it. If it's causing significant distress or interfering with daily life, it might be helpful to explore ways to reduce its impact.  Would you like to discuss strategies for managing this experience?",schizophrenia,schizophrenia,166248.71239999993,165991.4658000016,3
1764002611.5868182,14,2,0.562399520874024,"It's getting harder to get out of bed, and most days I just feel emotionally numb.","It sounds like the emotional numbness is a significant challenge. When individuals struggle with feeling disconnected from their emotions or from others, it can be even more difficult to muster the energy to engage in daily activities. How do you think your mental state impacts your ability to participate in therapeutic programs or engage with loved ones?",schizophrenia,schizophrenia,192504.92339999983,192227.8108999999,3
1764002612.7640467,19,3,1.751200008392334,I keep washing my hands over and over because they never feel clean enough.,"Washing hands excessively can lead to habituation, causing them to feel clean again. It's essential to recognize that excessive hand washing can also be detrimental, as it can strip the skin of its natural oils and lead to dryness and irritation. Therefore, while hand washing is a necessary hygiene practice, it should be done in a way that maintains its benefits, such as washing for the full recommended time to effectively remove dirt and germs. It's also important to address any perceived imperfections, like lint, which may not be indicative of a personal hygiene issue. Instead, focus on the overall feeling of cleanliness and the sense of well-being",ocd,ocd,198242.52530000012,197963.4772999998,4
1764002612.9207132,20,0,1.9077888870239268,Before any exam or meeting I get this knot in my stomach that just won't go away.,"It's normal to experience some level of anxiety before an exam or meeting. This pre-exam anxiety can manifest as physical sensations like a knot in the stomach, a racing heart, or difficulty relaxing. It's a common experience for many individuals, even those who might be considered confident. For exam prep specifically, strategies like visualization, positive self-talk, and rehearsing responses can be helpful in managing this pre-exam anxiety and preparing for potential questions or interactions.",ocd,ocd,198085.88149999923,197786.54860000097,4
1764002618.5700421,21,4,7.559060401916469,Sometimes I feel like people are watching me or talking about me even when I'm alone.,"Yes, this is a common phenomenon. Even when you think you have the house to yourself, others might be secretly listening or observing you through windows, vents, or peering over walls. This can be overwhelming and might even trigger intrusive thoughts or compulsions. Understanding that these observations are not necessarily malicious can be helpful. However, the intense feeling of being watched, especially when accompanied by intrusive thoughts or aggressive impulses, warrants significant intervention. Therapists can help you develop strategies to cope with these sensations and reduce the risk of harm to yourself or others. This might involve habituating to these feelings, learning to recognize and challenge intrusive thoughts,",ocd,ocd,192436.71469999754,192153.35980000236,4
1764002612.6306326,17,3,1.624039287567138,My mind gets stuck on certain thoughts and I can't move on until I repeat a ritual.,"It sounds like you're experiencing intrusive thoughts and challenging your internal resources. These mental 'fear triggers' can be particularly challenging to manage. While not explicitly a symptom of OCD, the repetitive ritual you described could be a compensatory mechanism to regain sense of control. Understanding this dynamic is crucial for addressing these intrusive thoughts and developing more adaptive coping strategies. Therapists can guide you to explore the core of your discomfort and develop distress tolerance skills. For intrusive thoughts, cognitive restructuring is key â€“ challenging the 'false' or 'unreasonable' nature of these thoughts, and identifying alternative, less distressing perspectives. For the ritual, consider exploring",ocd,ocd,198375.6668999995,198106.4965000005,4
1764002623.0828505,22,0,12.055890369415282,I overthink every tiny thing I say to people and then replay it in my head for hours.,"The tendency to overthink words and thoughts is a significant contributor to the development and maintenance of OCD. This cognitive processing, often accompanied by intense fear or anxiety, can create a cycle of distress. The desire to control and understand these thoughts can be overwhelming, leading to excessive self-reflection. This process can be intense and may even lead to compulsions like reassurance-seeking or reassurance-giving. It's crucial to identify these thought and word loops as triggers for anxiety and work on interrupting them. This might involve mindfulness practices to reduce overthinking and challenge the fear- and anxiety-driven responses. Cognitive restructuring can also be helpful in refr",ocd,ocd,202825.94939999763,202568.89710000178,1
