client_send_ts,request_id,func_id,trace_start_time,prompt,response,response_label,response_expert,e2e_time_ms,server_total_time_ms,batch_size
1764004062.7588437,15,1,0.06350395965576183,My mood keeps swinging between feeling like a genius and feeling like a complete failure.,"This emotional rollercoaster can be particularly challenging. Feeling like a genius and a failure can be contradictory, and it's not uncommon for individuals to experience these opposite states simultaneously. The intensity of these feelings can also vary, from mild self-doubt to severe despair. It's possible that the fluctuations in your mood are related to the intense intellectual demands of your work or projects. The emotional strain can be exacerbated by the pressure to perform at a high level and the fear of failure. It's essential to acknowledge and validate these emotions, as they are a normal part of the creative or intellectual process. Exploring strategies to manage these feelings and",bipolar,bipolar,14980.241499997646,14706.26760000232,1
1764004062.7588437,3,0,0.016541065216064688,"My heart races, my hands shake, and I can't focus whenever I have to talk to someone new.","Your symptoms suggest a condition called social phobia, also known as specific phobia. This is a common anxiety disorder characterized by an intense fear of social or performance situations in which you might be judged, evaluated, or embarrassed. The physical symptoms, such as heart racing, shaking, and difficulty focusing, are typical manifestations of this anxiety. If you're concerned about your symptoms and their impact on your daily life, it might be helpful to consult a mental health professional for guidance. They can help you develop coping strategies, address any underlying fears, and work towards improving your communication skills.",anxiety,anxiety,22617.97149999984,22334.991300002002,2
1764004062.7588437,4,4,0.016823959350585893,I get the sense that messages on TV or online are secretly directed at me.,"That's a common interpretation of the therapeutic suggestions shown in television and online content. These messages often aim to reduce anxiety, alleviate suffering, or offer coping strategies, all of which align with the therapeutic goals of these media platforms. While they may not be explicitly labeled as therapeutic, their intentions are therapeutic. However, it's essential to note that not all messages in these formats are created with therapeutic intentions; many are simply entertaining or instructive. It's crucial to critically evaluate the information presented and identify the intentions behind it.",anxiety,anxiety,22618.339299999207,22333.883200000855,2
1764004077.9217553,26,2,15.343055007934566,"I feel like I'm constantly tired, even when I sleep enough.","Experiencing persistent fatigue despite adequate sleep can be concerning. This symptom is often associated with underlying medical conditions, mental health disorders, or substance abuse. A comprehensive medical evaluation is essential to rule out any potential health issues. If you're experiencing persistent fatigue, it might be helpful to explore the idea of professional guidance, such as a mental health professional or a sleep specialist. They can help you identify any underlying causes and develop strategies for managing your fatigue.",bipolar,bipolar,7698.374599996896,7400.428500000999,1
1764004062.7588437,17,2,0.1624039287567138,"It's getting harder to get out of bed, and most days I just feel emotionally numb.","The feeling of emotional numbness can be overwhelming. While it's not a traditional sign of mental illness, it can be a symptom of depression. It's crucial to acknowledge that it's a common experience and not a reflection of one's worth. If it persists, it might be beneficial to explore professional help, such as therapy or counseling, to address the emotional numbness. Additionally, maintaining daily routines, engaging in activities that bring a sense of purpose, and practicing self-care can help improve mood and reduce feelings of emotional numbness.",schizophrenia,schizophrenia,40277.43080000073,40002.499700000044,4
1764004062.7588437,14,2,0.0562399520874024,"It's getting harder to get out of bed, and most days I just feel emotionally numb.","Feeling emotionally numb and having difficulty leaving the house can be overwhelming. It's essential to acknowledge that these feelings are valid, but they don't define your life or your potential for recovery. The first step is recognizing the need for support. This can involve reaching out to a trusted friend, family member, or mental health professional. They can offer guidance, understanding, and a safe space to explore emotions. If these individuals are unavailable, a crisis hotline or text line can provide immediate support. Building a network of people who care can be a crucial step in managing the daily challenges and finding hope for recovery.",schizophrenia,schizophrenia,40278.3176999983,40000.474500000564,4
1764004062.7588437,10,4,0.023377897262573333,"I hear voices commenting on what I'm doing, but nobody else seems to hear them.","This symptom is quite common, and it's not uncommon for individuals experiencing hallucinations or auditory hallucinations to be the only ones aware of them. This could suggest that their brain is attempting to process or interpret the auditory cues in a way that's not typically understood by others. It's also possible that these voices are not necessarily part of their actual mental state, but rather a product of their brain's attempt to interpret the stimuli. This could indicate the need for professional guidance to address their mental health needs.",schizophrenia,schizophrenia,40279.31389999867,39998.65729999874,4
1764004062.7588437,8,2,0.023188108444209377,"It's getting harder to get out of bed, and most days I just feel emotionally numb.","It can be challenging to navigate the physical aspects of mental illness, and it's completely normal to feel overwhelmed by negative emotions. The fact that you're experiencing a range of emotions, from numbness to emotional numbing, suggests that you're likely in a state of heightened emotional sensitivity right now. This is not uncommon during periods of intense mental health, and it can be helpful to acknowledge and accept your current emotional state. If you feel like things are getting too much, try to break the cycle by taking small steps, like getting out of bed and engaging in a low-energy activity. These small, manageable steps can help build momentum and make",schizophrenia,schizophrenia,40280.00520000205,39997.8549999978,4
1764004062.7588437,20,1,0.19077888870239268,"Some days I feel unstoppable, barely sleep, and start a dozen projects, then suddenly crash for days.","Feeling unstoppable and driven by a desire to tackle numerous projects is a common phenomenon, especially in individuals who are highly motivated and organized. This can be a normal response to a stressful or overwhelming situation, and it's not uncommon for individuals to work long hours or experience intense focus when driven by a sense of purpose. However, the rapid crash and lack of sleep can be debilitating, indicating a need for strategies to manage workloads and maintain physical and mental well-being. What types of projects are you currently focusing on, and how have you been able to prioritize them? Have you noticed any patterns in your workload or energy levels that might be contributing",depression,depression,42528.422300001694,42260.54329999897,4
1764004062.7588437,16,1,0.07494101905822759,"Some days I feel unstoppable, barely sleep, and start a dozen projects, then suddenly crash for days.","This experience is quite common among individuals experiencing a work-life imbalance or burnout. The feeling of being unstoppable can be a result of the initial burst of motivation followed by a rapid drop in energy and motivation. This is a common pattern in individuals who are underperforming at work or facing significant external pressures, such as financial difficulties or family responsibilities. Recognizing these patterns can help individuals make informed decisions about how to manage their workloads and prioritize self-care. It's also essential to address underlying issues that might be contributing to these cycles, such as lack of support from family or colleagues, poor work-life balance, or unrealistic expectations. Effective strategies",depression,depression,42537.150800002564,42260.49369999964,4
1764004062.7588437,11,1,0.02363102149963381,"Some days I feel unstoppable, barely sleep, and start a dozen projects, then suddenly crash for days.","The pattern you described is quite common. It's as if you've reached a critical mass of energy and motivation, and once that threshold is crossed, the opposite effect occurs. This is often referred to as a 'high' or 'peak' state, where you feel invigorated and capable of accomplishing a large number of tasks. It's a normal part of the human experience, and it can provide a sense of productivity and accomplishment. However, it can also lead to burnout if it's not balanced with downtime, self-care, and rest. It's essential to establish routines and boundaries to ensure that this energy doesn't consume",depression,depression,42538.37850000127,42259.755300001416,4
1764004062.7588437,7,1,0.023016071319580167,"Some days I feel unstoppable, barely sleep, and start a dozen projects, then suddenly crash for days.","The experience described is often referred to as an ""acute workaholic"" or ""manic hyperwork"" phase, characterized by an initial surge in productivity followed by a crash. This can be a symptom of depression or bipolar disorder, but it can also be related to burnout. It's essential to identify the underlying cause to effectively manage it.

The ""six projects"" mentioned are a common manifestation, but other types of hyperactivity, like hyperfocus or hyperactivity in specific domains (e.g., work or hobbies), can also occur. A key challenge is distinguishing these from healthy and productive behavior.

Managing this hyperactivity requires a multif",depression,depression,42539.387000000715,42258.21360000191,4
1764004062.7588437,6,3,0.022979112625121978,My mind gets stuck on certain thoughts and I can't move on until I repeat a ritual.,"That's a common pattern, especially for individuals with Obsessive-Compulsive Disorder (OCD). The repetition of rituals or thoughts can be a way to distract oneself from unwanted thoughts, providing temporary relief. However, it's essential to consider the potential harm these rituals can cause, such as exacerbating anxiety or disrupting daily functioning. It might be helpful to explore alternative strategies, like cognitive-behavioral therapy (CBT) or exposure and response prevention (ERP) specifically designed for OCD. Therapists can work together to develop personalized plans for managing these thought patterns and promoting more adaptive coping mechanisms.",ocd,ocd,43442.925899998954,43169.48140000022,4
1764004062.7588437,12,3,0.023633066177368267,I keep washing my hands over and over because they never feel clean enough.,"It sounds like you're experiencing a form of tactile fear, where the sensation of washing your hands is triggering a fear response, specifically the fear of not feeling clean enough. This can be a common pattern in individuals with hoarding disorder. To address this, you may want to explore techniques that can help reduce the fear response associated with handwashing. Some strategies include learning to distinguish between the sensation of cleaning and the fear response itself. You can also practice relaxation techniques, such as deep breathing or progressive muscle relaxation, to help manage anxiety and reduce the need for repetitive washing. It's also helpful to learn about the importance of cleanliness and to develop",ocd,ocd,43442.63040000078,43169.093300002714,4
1764004062.7588437,13,3,0.02376995468139853,"If I don't arrange things in a specific order, I feel incredibly uncomfortable.","This discomfort is often a symptom of an underlying fear or anxiety related to uncertainty. It's as if the uncertainty triggers a 'fight or flight' response in your brain, causing you to feel anxious and uncomfortable. In terms of organizing, this discomfort might stem from the fear of making things worse or causing unintended consequences. It's possible that a different approach, such as prioritizing tasks or creating a 'pre-game' routine, could help alleviate these feelings of discomfort and reduce anxiety. This requires exploring what specifically makes you feel uncomfortable when things are arranged in a particular way and developing strategies to manage that discomfort.",ocd,ocd,43442.92029999997,43166.63020000124,4
1764004062.7588437,5,3,0.0219910831451416,"I have to check the door multiple times before I can leave, or I feel something bad will happen.","It seems like you're experiencing a condition where intrusive thoughts and fears are triggering compulsions. This is a common presentation for individuals with Obsessive-Compulsive Disorder (OCD), particularly those with Hoarding Disorder or Compulsive Checking Disorder. It's essential to note that these thoughts and fears are not inherently bad and can even be beneficial in guiding your actions (e.g., checking the door before leaving). Understanding the nature of your fears and intrusive thoughts can help you address them more effectively. Cognitive-behavioral therapy (CBT) and exposure therapy are often recommended as effective treatment approaches. These interventions can help individuals learn to manage",ocd,ocd,43444.42510000226,43164.86899999654,4
1764004077.9217553,25,2,15.343051914215067,"I keep thinking that everyone would be better off without me, even if I don't want to do anything extreme.","This concern is common, but it's essential to recognize that your life is valuable, and you have a significant impact on those around you. While it's understandable to feel like you might be a burden, your relationships with family and friends are likely influenced positively by your presence. This suggests that your thoughts and fears about being a burden are likely excessive and not grounded in reality. It's also worth considering the impact of your mental health on your relationships, as this can have a profound effect on those closest to you. If your worries are driving you to avoid interacting with others, it's likely time to explore ways to address these fears and build",anxiety,anxiety,31527.17539999867,31224.402900003042,3
1764004077.9217553,24,2,15.338098991394077,"I keep thinking that everyone would be better off without me, even if I don't want to do anything extreme.","This self-doubt and fear of rejection or being 'unneeded' can indeed lead to a lack of confidence. However, it's essential to recognize that everyone has their own strengths, interests, and unique contributions. What's crucial is to acknowledge and appreciate your own worth and capabilities. This can be done by practicing self-compassion, recognizing your strengths, and focusing on your positive qualities rather than comparing yourself to others.",anxiety,anxiety,31529.423300002236,31216.787000001204,3
1764004077.9217553,29,2,15.3450809841156,"I keep thinking that everyone would be better off without me, even if I don't want to do anything extreme.","This is a common concern in mental health, particularly with regards to social functioning. The worry that others might perceive you as 'difficult' or 'not desirable' can indeed lead to negative self-perceptions and a fear of rejection. It's essential to recognize that these fears are often based on incomplete or inaccurate information about others. Effective coping strategies might involve acknowledging these fears, but also addressing the underlying concerns through more constructive interactions with others. For instance, focusing on the specific behaviors that are causing concern rather than generalizing them as negative traits. Self-compassion is also crucial, as you've already acknowledged the fear of rejection. Pract",anxiety,anxiety,31526.404700001876,31206.762400001026,3
1764004077.9217553,37,2,15.347933086395244,"It's getting harder to get out of bed, and most days I just feel emotionally numb.","Feeling emotionally numb and struggling to get out of bed can be overwhelming. It's essential to acknowledge that these feelings are a common part of the recovery process. While it's not always easy to identify what might be contributing to these feelings, acknowledging them is the first step towards addressing them.

It's also crucial to recognize that managing emotions can be challenging, but it's not impossible. Developing coping strategies, practicing self-care, and seeking support from loved ones or mental health professionals can help. If these feelings persist or worsen, it may be helpful to consult with a mental health professional for guidance and support.

In the meantime, acknowledging and",schizophrenia,schizophrenia,43501.13179999971,43199.647299999924,4
1764004062.7432168,1,2,0.003860040664669384,"It's getting harder to get out of bed, and most days I just feel emotionally numb.",It sounds like you're experiencing persistent feelings of hopelessness and emotional disconnection. These symptoms can be challenging to manage and may require additional support. Have you considered reaching out to a mental health professional or support group for guidance? They can offer a safe space to discuss your feelings and provide coping strategies and resources.,schizophrenia,schizophrenia,58676.57610000242,58391.40789999874,4
1764004062.7432168,0,0,0.0014909000396727962,"Crowded places make me feel trapped, and all I want to do is run away.","It can be overwhelming to feel like you're being held back by crowded areas. It's like there's no way to escape the feeling of being trapped. This can be a really uncomfortable and frustrating experience. Have you considered that these feelings might be related to underlying anxiety or stress? It's possible that the crowded environment is triggering these emotions, and by acknowledging this, you might be able to develop strategies to cope more effectively. Would you like some suggestions on how to navigate these feelings and build resilience?",schizophrenia,schizophrenia,58681.28230000002,58392.10339999772,4
1764004063.3425586,21,4,0.7559060401916469,"I feel like my thoughts aren't fully private, as if someone could read or influence them.","The feeling that thoughts are being read or influenced is a common concern for many individuals. This phenomenon can be related to cognitive biases like the Dunning-Kruger effect (where people underestimate their own abilities) and the Heinz Mind Reading effect (where people believe others are aware of their thoughts). It's also possible that the individual might be experiencing a state of cognitive dissonance, where the truth about their thought patterns is difficult to accept or acknowledge. If this is the case, it might be helpful to explore these underlying cognitive biases and thought patterns with a mental health professional.",schizophrenia,schizophrenia,58093.073000000004,57832.7019999997,4
1764004062.7588437,2,2,0.0054779052734375,I feel like I'm just going through the motions without really being present.,"It can be challenging to maintain a sense of awareness and presence, especially in situations that may feel routine or monotonous. This is a common experience in many people's lives, as it can be difficult to focus on the present moment, especially when faced with repetitive or uneventful tasks. However, it's also a great opportunity to practice mindfulness and explore ways to enhance your attention and engagement. Consider setting aside time each day for activities that you find enjoyable and interesting, as these can help you cultivate a greater sense of presence and engagement.",ocd,ocd,62727.36100000111,62442.60349999968,4
1764004062.7588437,19,4,0.1751200008392334,"It's hard to tell whether some of my experiences are real or just in my head, and that scares me.","Experiencing intrusive thoughts can indeed make it challenging to distinguish between reality and a mental construct. However, this does not necessarily mean that your experiences are fabricated or not important. The goal is to develop a healthy relationship with them, which may involve learning to distinguish between what feels real and what is a product of your mind. This process often involves practicing self-compassion and acknowledging that your mind is capable of processing and generating thoughts. It may also involve exploring the context and potential triggers for these thoughts, as they can often provide insight into their significance. By gaining a better understanding of these thoughts and their underlying causes, you can learn to",ocd,ocd,62725.81359999822,62443.09079999948,4
1764004062.7588437,18,0,0.17183211135864251,I overthink every tiny thing I say to people and then replay it in my head for hours.,"It sounds like you're experiencing a common trait known as 'replay anxiety.' This is a common phenomenon where individuals worry excessively about how others might react to their words or actions, and then replay them in their minds to try to prevent any potential negative outcomes. This can be a significant source of anxiety and distress. It's a good idea to explore strategies to reduce this preoccupation and learn to respond to others more thoughtfully. One approach is to try to let go of the need for perfection and focus on the present moment, rather than replaying every possible outcome in your head. This can involve mindfulness practices, such as meditation or deep",ocd,ocd,62726.84420000223,62442.95509999938,4
1764004062.7588437,9,4,0.023286991119384925,Sometimes I feel like people are watching me or talking about me even when I'm alone.,"This phenomenon is often referred to as 'social cognition.' It's common to experience intrusive thoughts or worries about being observed or discussed by others, even when others aren't directly aware of our interactions. This is a normal part of social cognition and can be particularly challenging in situations where individuals may feel uncomfortable discussing their thoughts or feelings. Techniques like cognitive restructuring and exposure can help individuals learn to manage and reduce these intrusive thoughts.",ocd,ocd,62728.43450000073,62444.72010000027,4
1764004122.604645,42,1,60.00167295265198,My mood keeps swinging between feeling like a genius and feeling like a complete failure.,"It's not uncommon for people experiencing bipolar disorder to experience mood swings. These swings can be intense and affect every aspect of life, including relationships, work, and daily activities. The feelings of being a genius and failure are likely symptoms of the manic and depressive phases, respectively. It's essential to seek professional help to manage these fluctuations and develop effective coping strategies. A therapist can help you work through these feelings, identify patterns, and develop a personalized plan to improve daily functioning.",bipolar,bipolar,5227.524599999015,5220.296499999677,1
1764004077.9217553,34,2,15.346627964019774,"It's getting harder to get out of bed, and most days I just feel emotionally numb.","The feeling of emotional numbness can be a common and challenging experience for individuals with schizophrenia, particularly during acute episodes. It can make it difficult to engage in activities that might bring a sense of purpose or help others. While it's not an ideal situation, it's essential to acknowledge that this is a real experience for many people in this condition. Recognizing the emotional challenges can help you prepare for them and look for ways to cope. Consider reaching out to a mental health professional or a support group for guidance on managing these feelings and finding ways to engage with your surroundings.",schizophrenia,schizophrenia,52385.993699997925,52079.14200000232,2
1764004077.9217553,28,2,15.343993110656738,"It's getting harder to get out of bed, and most days I just feel emotionally numb.","It can be challenging to acknowledge these feelings, especially when they seem to dominate your thoughts and emotions. Recognizing these difficulties is a huge step forward. How have you been coping with these feelings and emotions, if at all? Have you tried anything new or different recently? This can be an opportunity to reflect on what's been working for you in the past.",schizophrenia,schizophrenia,52393.58150000044,52076.42399999895,2
1764004122.604645,43,2,60.01321695709228,"It's getting harder to get out of bed, and most days I just feel emotionally numb.","Experiencing feelings of emotional numbness or disconnection from daily activities and emotions is a common experience for individuals with schizophrenia. This symptom can be challenging to navigate, as it may make it difficult to engage in personal care and maintain relationships. If this feeling persists and is impacting daily functioning, it might be helpful to consider speaking with a mental health professional or a therapist who can provide support and guidance on managing these feelings. They may also be able to offer strategies for improving mood and motivation.",schizophrenia,schizophrenia,11453.005300001678,11194.99469999937,1
1764004063.7961018,22,0,1.2055890369415283,"I keep feeling on edge lately, like something bad is about to happen even when everything is fine.","Experiencing persistent anxiety or unease can be unsettling. This feeling of being 'on edge' suggests that your brain might be playing a significant role in this anxiety. While it's not possible to completely eliminate anxiety, understanding its potential roots can help in developing strategies to manage it. It's also essential to recognize that feeling uneasy is a normal response to certain situations, and this anxiety is likely a coping mechanism rather than an inherent flaw. This means that with awareness and a willingness to address the root causes, you can learn to manage these feelings more effectively. Identifying and challenging negative thought patterns, as mentioned in the text, could be",ocd,ocd,77644.37610000095,77379.39370000095,4
1764004065.2609718,23,0,2.681822021484379,"I keep feeling on edge lately, like something bad is about to happen even when everything is fine.","Feeling on edge and premonitory anxiety can be quite distressing. While it's not uncommon to experience such feelings, they often serve as warning signs for more significant issues. If these premonitions persist and significantly impact your daily life or relationships, it may be wise to explore underlying causes with a mental health professional. They can help you identify patterns or triggers that contribute to your anxiety and develop coping strategies to manage it more effectively.",ocd,ocd,76182.17880000157,75918.94239999965,4
1764004077.9217553,31,2,15.345380100250225,I feel like I'm just going through the motions without really being present.,"The feeling of going through the motions without being fully present is a common experience for many individuals, especially those who struggle with anxiety or OCD. This can manifest in various ways, such as difficulties with sustained attention, lack of motivation, or a sense of being disconnected from one's thoughts and feelings. Recognizing these patterns is an important step in developing strategies to enhance personal presence. It's also worth noting that individuals may experience different levels of awareness about their internal experiences. For some, these feelings may be readily acknowledged, while for others, they might be more subtle or hidden. Understanding and working with these differences can help individuals improve their present-m",ocd,ocd,63517.05420000144,63226.62969999874,4
1764004077.9217553,30,2,15.345119907379228,I feel like I'm just going through the motions without really being present.,"That sense of going through the motions without being fully present is quite common in OCD. It can be challenging to break this habit and focus on the present moment. Consider strategies like mindfulness exercises or simply taking a few deep breaths before engaging in an activity to help increase awareness and make the experience more engaging. Building a daily routine that includes time for engagement in activities of interest can also be beneficial. If you feel like you're struggling to connect with your daily life, it might be helpful to explore ways to reframe your experiences and make them more meaningful. This could involve identifying activities that bring a sense of purpose or joy, and making time",ocd,ocd,63518.17730000039,63220.110999998724,4
1764004077.9217553,32,2,15.34571888923648,"Lately nothing feels enjoyable, even the things I used to love.","It's common for individuals to experience a loss of pleasure in activities that were once enjoyable. This can be due to various factors, such as stress, anxiety, or even a change in brain chemistry. It's essential to explore the specific triggers for this feeling of discomfort and work on addressing them. This might involve practicing relaxation techniques, engaging in activities that bring a sense of accomplishment, or seeking support from loved ones or mental health professionals. By gaining insight into the underlying causes, you can develop strategies to improve your mood and make activities more enjoyable again.",ocd,ocd,75626.09150000208,75327.14190000115,4
1764004077.9217553,39,2,15.353194105148305,I feel like I'm just going through the motions without really being present.,"It sounds like you're experiencing a sense of detachment or a lack of engagement with your daily activities, possibly accompanied by feelings of routine or boredom. This can be a common experience for people with OCD, and it's often related to the way OCD symptoms are managed. Therapies like CBT and ERP are designed to help individuals become more aware of their thoughts and behaviors, and to develop strategies for managing their symptoms in a more functional and adaptive way. If you feel like you're struggling with this or need additional support, consider reaching out to a mental health professional.",ocd,ocd,75622.87080000169,75326.26939999682,4
1764004077.9217553,36,2,15.347906019210825,I feel like I'm just going through the motions without really being present.,"Feeling like you're just going through the motions without being present can be a challenging experience. This feeling can stem from a lack of engagement or a sense of being disconnected from your experiences. Recognizing that you're not simply going through the motions can be a significant step in addressing this. It might be helpful to explore why you're feeling this way and what specific aspects of your life or experiences are contributing to this sense of disconnection. Consider examining how your daily routines, relationships, or goals are impacting your sense of presence.",ocd,ocd,75624.89619999906,75323.47799999843,4
1764004077.9217553,27,2,15.343737026214626,I feel like I'm just going through the motions without really being present.,"Feeling like you're just going through the motions without being fully present can be a significant challenge. This can be due to various factors, such as mental health conditions, addiction, or even the pressure of social expectations. If you're concerned about your level of consciousness or presence in daily activities, it might be helpful to explore this further with a therapist. They can provide a safe space to discuss your feelings and work through any underlying issues that might be contributing to these concerns.",ocd,ocd,75634.24420000229,75327.84869999887,4
1764004077.9217553,33,2,15.346278892517091,I feel like I'm just going through the motions without really being present.,"This is a common experience for individuals with OCD. The 'motor-driven' OCD is characterized by compulsions that are initially driven by the need to control or avoid situations, but can become automatic and unresponsive to internal cues. This 'motor-driven' subtype often presents with a greater sense of distress, even if it's not as obvious as in other OCD types, and can make it more challenging to engage in everyday activities without feeling like you're 'going through the motions.' This sense of being 'driven' and 'motivated' can make it harder to recognize when you're truly present or engaged in the moment. Understanding this dynamic",ocd,ocd,88979.67210000206,88670.9880999988,4
1764004077.9217553,35,2,15.347691055297844,"Lately nothing feels enjoyable, even the things I used to love.","It sounds like you're experiencing a significant drop in pleasure and enjoyment, even for activities that you once enjoyed. This is a common experience for individuals with Obsessive-Compulsive Disorder (OCD), particularly those who experience a 'sensitivity to pleasure' as a core symptom. This can lead to a decreased ability to engage in pleasurable activities or even a loss of interest in them. Treatment typically involves addressing this decrease in pleasure, often through exposure and response prevention (ERP) strategies. It's also important to explore potential triggers or factors that may be contributing to this decrease in pleasure. If you're concerned about your interest in activities",ocd,ocd,88978.99870000037,88670.56989999764,4
1764004096.404834,40,3,33.80431107711792,"I have to check the door multiple times before I can leave, or I feel something bad will happen.","The need to frequently check the door and fear of negative consequences suggests a high level of anxiety, possibly related to a specific trigger like the door locking or a past experience. This could be an example of an obsessional-compulsive disorder (OCD), where individuals have intrusive thoughts and fears that lead to excessive checking or compulsions to alleviate their anxiety. It's essential to consult a healthcare professional for an accurate diagnosis and guidance on effective treatment.",ocd,ocd,70507.06160000118,70249.50190000163,4
1764004077.9217553,38,2,15.352606107711779,"Lately nothing feels enjoyable, even the things I used to love.","Feeling unmotivated and uninterested in activities can be a significant challenge. This low-grade feeling of apathy might be a symptom of depression, particularly if it interferes with daily functioning or social interactions. If you're concerned about your mental health or if the feelings persist, it's essential to consider consulting a healthcare professional for a thorough evaluation and guidance. They can provide you with a proper diagnosis and develop a personalized treatment plan if depression is identified. In the meantime, you can explore small, manageable changes to increase motivation and enjoyment, such as taking a short walk, doing a simple puzzle, or trying a new hobby. However,",ocd,ocd,88978.61279999779,88672.67960000027,4
1764004119.4637177,41,0,56.88177099609376,Before any exam or meeting I get this knot in my stomach that just won't go away.,"The sensation of a knot in the stomach is a common pre-exam anxiety response, often described as a ""butterfly feeling"" in the stomach area. This physical discomfort can be uncomfortable and distracting, making it challenging to focus on other thoughts. While some people might find this discomfort beneficial for their anxiety or performance, others might experience it as an overwhelming sensation that interferes with their ability to concentrate. How does this sensation affect your daily life, and do you find it consistently present or fleeting?",ocd,ocd,56269.78690000033,56010.21519999995,3
1764004135.4037783,44,3,72.8252160282135,"If I don't arrange things in a specific order, I feel incredibly uncomfortable.","The discomfort you feel when things are not in a specific order can be related to the way you perceive and interact with information. When information is presented in a structured and organized way, it can be easier for you to process, understand, and integrate into your thoughts and behaviors. In contrast, when information is presented in a disorganized or uncertain manner, it can be more challenging to navigate and make sense of. This discomfort can also be related to the concept of ""schema"" in cognitive-behavioral models. If your information is not organized in a way that you feel is consistent or familiar, it can challenge your existing schema, leading",ocd,ocd,40330.57960000224,40323.532700000214,3
1764004139.1747794,45,0,76.59399196815492,"I keep feeling on edge lately, like something bad is about to happen even when everything is fine.","Feeling constantly on edge, even when no significant threats are present, can be a symptom of an anxiety disorder. It might be helpful to explore the origins of these feelings. Have you experienced any recent stressful events or changes in your environment? Are there any specific situations or thoughts that tend to trigger these feelings? Sometimes, understanding the source of anxiety can lead to more effective coping strategies.",ocd,ocd,36560.16250000175,36298.010200000135,3
1764004174.6576815,46,0,112.07736508750915,"I keep feeling on edge lately, like something bad is about to happen even when everything is fine.","Feeling on edge or anticipating negative outcomes can be a common symptom of anxiety disorders. In your case, it might be related to the fear of being judged or evaluated by others. This type of anxiety can be overwhelming and interfere with daily functioning. Understanding that your fears are often based on hypothetical situations and that they are not necessarily grounded in reality can help alleviate some of this distress. If these feelings are impacting your daily life and causing significant distress, it's a good idea to explore these concerns further with a mental health professional. They can help you develop coping strategies and provide a safe space to work through these fears.",ocd,ocd,4546.239800001786,4275.745200000529,1
1764004179.3806076,47,3,116.78503110313414,My mind gets stuck on certain thoughts and I can't move on until I repeat a ritual.,"Repeating a ritual or engaging in repetitive thoughts is a common behavior known as 'ruminating.' While it can provide temporary relief, it can also perpetuate the cycle of distress and prevent meaningful resolution. Effective management of intrusive thoughts and rituals often involves cognitive-behavioral approaches, such as exposure and response prevention, and strategies like grounding techniques to help shift focus away from the original stimulus. However, these techniques should be tailored to the individual's specific needs and circumstances. If your ruminating is causing significant distress, consider consulting a mental health professional for guidance on developing more adaptive coping strategies.",ocd,ocd,3513.649799999257,3509.163600003376,1
1764004183.5026073,50,4,120.92050205230711,"I hear voices commenting on what I'm doing, but nobody else seems to hear them.","It sounds like you're experiencing auditory hallucinations, which can be a challenging aspect of schizophrenia. These voices can be intrusive, often making negative statements about you or your actions. However, the reality is that they're not being heard by others. This can be frustrating and affect your daily life. It might be helpful to explore ways to manage these hallucinations, as they can significantly impact your mental well-being and interactions with others. Have you considered speaking with a mental health professional about this, such as a psychiatrist or a psychologist? They can provide guidance on managing auditory hallucinations and may be able to recommend specific treatments or strategies.",schizophrenia,schizophrenia,5124.559600000794,5120.229500000278,1
1764004182.591326,49,1,119.99865704154968,"There are weeks when I talk super fast and make big plans, then later I can't understand what I was thinking.","This is a common pattern for individuals with OCD. The high-speed, rapid speech can be a compensatory strategy to avoid confusion and anxiety about what is being planned. This can also be related to OCD's focus on perfectionism and the need to avoid mistakes. It's as if the rapid speech is a way to 'prepare' for the future by anticipating potential conflicts or misunderstandings, thereby trying to avoid them. This pattern can be challenging to understand and manage, as it can be difficult to pinpoint what is causing it and how to stop. If your OCD treatment involves cognitive-behavioral strategies, it's likely that a therapist will",ocd,ocd,8980.906799999502,8975.159900001017,2
1764004182.591326,48,2,119.99762589645385,"Lately nothing feels enjoyable, even the things I used to love.","This feeling of unpleasurable activities is a common symptom of depression, particularly in its more severe forms. It's often described as a 'loss of interest' or a 'detachment from enjoyable activities.' This can be attributed to a combination of biological, psychological, and social factors. While it's not uncommon, it's essential to remember that a lack of interest can be a warning sign for depression. If this feeling persists or is accompanied by other concerning symptoms like significant weight loss or changes in sleep patterns, it's crucial to seek professional help. A therapist or counselor can provide a safe space to explore these feelings and develop coping strategies,",ocd,ocd,8982.302000000345,8725.591700000223,2
1764004183.8123713,52,0,121.21970506477356,I overthink every tiny thing I say to people and then replay it in my head for hours.,"It's common to overthink and replay conversations, especially if you're worried about how others might perceive you. This can lead to anxiety, self-doubt, and excessive rumination. To address this, consider practicing self-compassion when replaying conversations. Instead of dwelling on what others might think, try to view the experience from your own perspective. Ask yourself, 'What was I trying to communicate or achieve in that moment?' Focus on your own feelings, thoughts, and actions, rather than getting caught up in external validation. This can help you break the cycle of excessive thinking and improve your self-acceptance.",ocd,ocd,18578.492499997083,18317.868199999793,3
1764004188.1571767,53,0,125.563348903656,Before any exam or meeting I get this knot in my stomach that just won't go away.,"The feeling of anxiety before a critical event like an exam or a meeting is common. This physical symptom, often referred to as pre-examination anxiety or pre-meeting anxiety, can be caused by a variety of factors including past experiences, learning about the event, and the individual's overall stress levels. Understanding the root cause of this anxiety is essential for developing effective coping strategies. For instance, some people might experience a 'gut reaction' to uncertainty, while others might be more anxious about potential social judgment. Recognizing that this anxiety is subjective and can be managed through relaxation techniques and cognitive restructuring can help individuals better navigate these pre-meeting",ocd,ocd,14235.777499998221,13972.246400000586,3
1764004183.5232468,51,3,120.93712109184264,My mind gets stuck on certain thoughts and I can't move on until I repeat a ritual.,"This phenomenon is often referred to as 'ruminative thinking.' It's a common pattern in OCD where individuals may struggle with unwanted thoughts or obsessions. While the goal of rituals may seem like an attempt to 'control' or 'remove' these thoughts, the reality is often more complex. In the context of OCD, rituals can serve as a coping mechanism to help individuals tolerate the distress caused by their obsessions. However, they can also perpetuate the cycle of rumination. Understanding that these rituals may not necessarily 'fix' the issue and can even reinforce obsessions is crucial. It might be helpful to explore strategies to change the",ocd,ocd,18870.375800001057,18603.42379999929,3
1764004218.585097,54,3,155.99918597602846,My mind gets stuck on certain thoughts and I can't move on until I repeat a ritual.,"It's not uncommon for individuals to develop coping mechanisms or rituals to manage intrusive thoughts. While these can be helpful for reducing distress, they can also prevent individuals from addressing the root cause of their thoughts and potentially hinder their ability to develop healthier coping strategies. It may be beneficial to explore alternative ways to manage these thoughts, such as mindfulness techniques, cognitive restructuring, or seeking support from a mental health professional. If the thoughts persist and are causing significant distress, it might be necessary to consider seeking professional help.",ocd,ocd,3233.2916999985173,2976.126599998679,1
1764004241.7348628,55,1,179.14007609558104,Sometimes I spend way too much money or make impulsive decisions and only realise how risky it was later.,"It's common to experience financial impulsivity. When you see something that catches your eye, it can be tempting to spend money on it, even if you know it's not necessary. The 'impulse buying' theory suggests that this behavior is driven by an instant gratification response, rather than a long-term consideration. This can lead to financial stress, debt, and even negative impacts on your health and relationships.

Recognizing this pattern is the first step to making a change. Consider setting boundaries around how much time you spend shopping or browsing for non-essential items, and prioritize saving and budgeting. It may also be helpful to develop",ocd,ocd,3973.480100001325,3705.959900002199,1
1764004242.5903306,57,3,180.0113599510193,My mind gets stuck on certain thoughts and I can't move on until I repeat a ritual.,"It's not uncommon for individuals experiencing intrusive thoughts to become trapped in their thoughts. This can be a coping mechanism, but it can also prevent individuals from addressing the underlying issues driving these thoughts. A therapist can help develop strategies to challenge and replace intrusive thoughts, replacing them with more productive and empowering ones. They can also work on improving the individual's ability to manage stress and regulate their emotions, which can help reduce the need for ritualistic behaviors. Cognitive-behavioral therapy (CBT) is a good starting point for addressing intrusive thoughts. It can help individuals identify and challenge negative thought patterns, develop more adaptive coping skills, and improve",ocd,ocd,17145.54169999974,16880.940399998508,4
1764004242.5903306,56,1,180.0054040966034,Sometimes I spend way too much money or make impulsive decisions and only realise how risky it was later.,"That's a common experience for many people. Impulsive spending and decisions can be challenging to track, especially when they're driven by emotions or short-term rewards. To manage this, consider developing a more mindful approach to spending and decision-making. This might involve setting a budget, tracking expenses, and identifying patterns or triggers for impulsive behavior. It's also helpful to develop a better understanding of your financial values, risk tolerance, and the consequences of your spending. This self-awareness can help you make more informed decisions and avoid situations that might lead to financial regret.",ocd,ocd,17146.94800000143,16880.287100000714,4
1764004242.5903306,59,3,180.01938789558412,"I get disturbing intrusive thoughts that don't match my values, but they keep coming back.","The intrusive thoughts that don't match your values are referred to as 'distressing intrusive thoughts.' Distressing intrusive thoughts are those that you experience recurrent and distressing thoughts that you cannot control and which are incompatible with your values. These thoughts can be a symptom of various anxiety disorders, including obsessive-compulsive disorder (OCD), generalized anxiety disorder (GAD), and pica. If you're concerned about these thoughts, it's a good idea to speak with a mental health professional for guidance and support. They can help you assess the severity of these thoughts and develop a treatment plan that may include exposure and response prevention (ERP) techniques",ocd,ocd,17145.469999999477,16879.75820000065,4
1764004242.5903306,58,4,180.01163188552857,Sometimes I feel like people are watching me or talking about me even when I'm alone.,"Feeling like someone is watching or listening to you, even when you're alone, can be a strong concern. While it's not uncommon for people to be aware of their surroundings, a deep-seated fear of surveillance suggests you may benefit from reassurance and a plan to minimize your vulnerability. This could involve avoiding areas with high foot traffic or opting for quieter locations. Additionally, discussing this with others who may be aware of similar experiences can be helpful. Exploring coping strategies, such as distractions or focusing on the present moment, can also be beneficial. It's essential to consider the potential impact on your mental well-being and whether these feelings",ocd,ocd,17146.366700002545,16878.26370000039,4
1764004249.6276526,60,3,187.03177801704408,"I have to check the door multiple times before I can leave, or I feel something bad will happen.","This behavior can be indicative of a fear or anxiety disorder. Instead of checking the door repeatedly, you might consider setting a timer for a specific amount of time, say 5-10 minutes, after which you can leave the room. This can help you manage the feeling of being in a state of ""being watched"" and allow you to gradually build confidence in your ability to exit. If the fear persists, it would be helpful to consult with a mental health professional for personalized guidance and support.",ocd,ocd,13053.690199998528,13049.010700000508,1
1764004288.6153834,61,3,226.02578004837042,"I get disturbing intrusive thoughts that don't match my values, but they keep coming back.","Disturbing intrusive thoughts can be particularly challenging. The key is to address them directly. Since they don't align with your values, you could consider reframing them in a way that does. For example, if you're worried about a specific situation where someone might misinterpret your actions, think of the potential negative outcome and the steps you would take to prevent it. This can help shift your focus away from the intrusive thought and toward a more positive, proactive mindset. Additionally, keeping a journal to track and analyze these thoughts might provide insights into patterns and triggers. This self-reflection can help you develop strategies to manage them more effectively.",ocd,ocd,3963.74879999712,3706.2897000032535,1
1764004302.5843868,62,1,240.00140193367005,Sometimes I spend way too much money or make impulsive decisions and only realise how risky it was later.,"It sounds like you're experiencing financial impulsivity, which can be a challenging habit to break. Recognizing the pattern of overspending or making impulsive purchases is a great first step. However, the financial strain that follows can be overwhelming. To address this, consider implementing a few strategies:

1. **Track your spending**: Keeping a record of when and how you spend money can help you identify patterns and areas where you tend to make impulse purchases.
2. **Set financial goals**: Establish specific financial objectives, such as saving for a short-term goal or paying off debt, to give you direction and motivation.
3. **Create a budget",ocd,ocd,9838.175600001705,9566.719400001602,3
1764004302.6161838,63,3,240.01628494262692,I keep washing my hands over and over because they never feel clean enough.,"Excessive handwashing can be a form of compulsive behavior. While it's understandable that your hands may not feel clean, the constant washing could be unnecessary, especially if the environment isn't dirty. This might indicate a habit of overthinking cleanliness, which can contribute to these compulsive behaviors. It might be helpful to explore why you're washing your hands so much, and whether there are any specific situations or thoughts that trigger this behavior.",ocd,ocd,9807.067599998845,9536.076600001252,3
1764004302.6161838,64,4,240.01714311218265,Sometimes I feel like people are watching me or talking about me even when I'm alone.,"This feeling can be related to social anxiety, where individuals may perceive a lack of privacy or worry that others are observing or commenting. Other conditions, like Obsessive-Compulsive Disorder (OCD) or Body Dysmorphic Disorder (BDD), also have implications for how individuals perceive and interact with their environment. It's essential to explore these concerns with a mental health professional to determine the underlying causes and develop an appropriate treatment plan. In the meantime, recognizing that social cues or comments are not necessarily indicative of a desire to engage with you or your life can be helpful.",ocd,ocd,9807.195699999284,9535.240500001237,3
1764004303.5248291,65,3,240.937301902771,I keep washing my hands over and over because they never feel clean enough.,"Washing hands can be an effective way to maintain cleanliness and prevent the spread of germs. However, the intensity and duration of washing can vary based on individual needs and the specific task. If you're consistently washing for extended periods, it might be beneficial to consider strategies to make washing more efficient and reduce the need for multiple passes. This could include using soap and water for a shorter time, or exploring alternative cleaning methods like hand sanitizers or dry hands. It's also worth noting that excessive hand washing can lead to dryness and irritation, which may worsen the perceived lack of cleanliness. If this is the case, it might be",ocd,ocd,16188.472900001216,15928.791700000147,2
1764004303.8872957,66,0,241.30588496398929,I overthink every tiny thing I say to people and then replay it in my head for hours.,"This overthinking is a common pattern. It's a way of trying to make sense of a situation, to avoid uncertainty, or to control the situation. However, this can lead to increased anxiety, rumination, and even obsessive behaviors. The good news is that you're becoming more aware of this pattern, and you can start to develop strategies to manage it. One potential approach is to practice self-compassion and remind yourself that it's okay to make mistakes. This doesn't mean avoiding conflicts or difficult conversations entirely; rather, it means being more accepting of uncertainty and the possibility of getting it wrong. You can also try to challenge",ocd,ocd,15826.716600000509,15567.199100001744,2
1764004326.5852895,67,3,263.99039705467226,"I get disturbing intrusive thoughts that don't match my values, but they keep coming back.","These intrusive thoughts can indeed be distressing and challenging to manage. The good news is that they are not necessarily a reflection of the individual's values, but rather a signal that the brain is trying to process and understand complex information. This doesn't mean the person has a disorder, but rather that their brain is wired to react to new information, and this can lead to the emergence of intrusive thoughts.

In many cases, these thoughts are a precursor to a more severe thought pattern, such as those that involve harming others or engaging in destructive behaviors. However, if the individual is able to recognize and resist these thoughts, they may be able to",ocd,ocd,4027.8448999997636,3757.24860000264,1
1764004359.552332,68,3,296.9662689228058,My mind gets stuck on certain thoughts and I can't move on until I repeat a ritual.,"This symptom can be associated with a range of conditions, including Obsessive-Compulsive Disorder (OCD) and Trichotillomania (hair-pulling disorder). While it can be a coping mechanism, it can also be detrimental to mental and physical health, especially if the thoughts are intrusive and interfere with daily life. Therapies like Exposure and Response Prevention (ERP) have been found effective for OCD, and Cognitive-Behavioral Therapy (CBT) can be beneficial for Trichotillomania. A mental health professional can help you identify the underlying causes of this thinking pattern and develop healthier strategies for managing",ocd,ocd,5307.643799998914,5050.898499997857,1
1764004362.600275,71,1,300.0082071056366,"I get these intense bursts of energy where everything feels possible, then I spiral into regret afterward.","The experience of intense bursts of energy followed by regret is a common and understandable phenomenon. It can be attributed to the brain's tendency to prioritize immediate pleasure or excitement over long-term consequences. This can lead to impulsive decisions, regret, and potential negative impacts on one's life. Maintaining self-control and considering the potential outcomes of one's actions can help mitigate these feelings. This requires mindfulness, self-awareness, and the ability to regulate impulses. Practicing self-reflection, acknowledging regrets, and developing strategies to manage impulses can aid in managing this cycle of intense energy followed by regret.",depression,depression,10731.080599998677,10446.258799998759,1
1764004362.600275,77,0,300.00938091659543,"Crowded places make me feel trapped, and all I want to do is run away.","It's understandable to feel overwhelmed in crowded situations. When you're feeling trapped, your body often responds by releasing tension and preparing to escape, a natural physiological response. This can be a powerful urge, and it's essential to acknowledge these feelings rather than trying to suppress them. Recognizing your feelings can help you find ways to cope and manage them in a healthier manner. If you're experiencing overwhelming feelings in crowded places, it might be helpful to explore strategies for managing stress in these situations, such as deep breathing, relaxation techniques, or finding a safe space to momentarily retreat.",schizophrenia,schizophrenia,19190.30280000152,18902.39980000115,2
1764004362.600275,78,4,300.0127320461273,"I hear voices commenting on what I'm doing, but nobody else seems to hear them.","This symptom is commonly associated with schizophrenia. It's essential to remember that the voices are typically auditory and not a result of external auditory hallucinations. They might be perceived as coming from within the individual's mind or from an outside source, but the voice itself is still a product of their mental process. It's crucial to address these voices as they are a symptom of the illness. If the voices are distressing or interfering with daily functioning, it may be helpful to consult with a mental health professional or a psychiatrist who can provide guidance and support.",schizophrenia,schizophrenia,19190.459999997984,18906.182899998385,2
1764004362.600275,72,2,300.0082710723877,"I feel like I'm constantly tired, even when I sleep enough.","Feeling tired despite adequate sleep is a common concern. It's worth exploring the potential causes of this issue. While chronic sleep deprivation is often cited, even short periods of sleep deprivation can lead to fatigue. Another possibility is that you're experiencing a sleep disorder, such as sleep apnea, which can disrupt normal sleep patterns and cause fatigue. Additionally, certain medications or substances can cause fatigue as a side effect. A thorough medical evaluation could help determine the underlying cause of your fatigue.",bipolar,bipolar,19223.81900000255,18937.024499999097,2
1764004362.600275,69,1,300.0080409049988,My mood keeps swinging between feeling like a genius and feeling like a complete failure.,"The fluctuation in mood, where you experience periods of intense intellectual energy ('genius' feeling) followed by periods of emotional turmoil ('failure'), is characteristic of bipolar disorder, particularly manic-depressive illness. This pattern is known as 'dysphoric mood states.' It's often described as the 'high' or 'high-pressure' phase of the manic episode, followed by the 'low' or 'depressive' phase. The low mood, while potentially severe, can also be an essential component of bipolar disorder. Treatment aims to stabilize these mood cycles, helping to reduce the intensity and frequency of both manic and depressive episodes. Medic",bipolar,bipolar,19225.776600000245,18937.13989999742,2
1764004362.600275,76,4,300.0090211162567,I get the sense that messages on TV or online are secretly directed at me.,"The 'message in a bottle' idea, where a person sends a seemingly innocuous message that can be picked up by another person, is a common concern. However, most of the information we receive is not meant to be personal or intended to influence us. The vast majority of online content is public information, and messages are often intended to inform or entertain. The idea of 'personal messages' might stem from misunderstanding the context or intention behind certain communications. If you find yourself receiving mysterious messages that seem to be tailored to your interests or concerns, it's essential to consider the context and verify the information before making any conclusions.",anxiety,anxiety,23616.879200002586,23337.38699999958,3
1764004362.600275,70,4,300.008149930954,I get the sense that messages on TV or online are secretly directed at me.,"It's as if you're being bombarded with messages that are tailored to your specific thoughts, desires, or fears, often in a way that feels invasive or manipulative. This sense of being ""stalked"" by unseen forces can be unsettling and even anxiety-provoking. However, it's essential to recognize that these messages are typically generated by commercial or entertainment interests seeking to engage and capitalize on your attention and emotions. They are not designed to be therapeutic or supportive. By becoming aware of these messages, you can start to develop strategies to filter out unwanted information and cultivate a healthier relationship with the media.",anxiety,anxiety,23618.91090000063,23329.310400000395,3
1764004362.600275,79,0,300.01577289009094,"My heart races, my hands shake, and I can't focus whenever I have to talk to someone new.","These physical symptoms are common indicators of a condition known as social phobia or specific phobia. The intense fear of social interactions and the physical sensations like a racing heart and shaking hands are key features that can contribute to this anxiety. Understanding that these physical reactions can be a response to the anxiety itself, rather than a direct result of the fear, is crucial for managing them. Exposure therapy, cognitive restructuring, and relaxation techniques have been found effective in treating social phobia. If you're experiencing these symptoms, consider consulting a mental health professional for guidance on how to cope with them.",anxiety,anxiety,23617.238599999837,23327.80119999734,3
1764004362.600275,73,3,300.00863991737367,"If I don't arrange things in a specific order, I feel incredibly uncomfortable.","This discomfort can stem from the anxiety associated with not having a clear plan or structure for how to present the information. In a therapy setting, this might manifest as difficulty with communication, feeling overwhelmed by the task at hand, or a general sense of disorganization. This doesn't necessarily mean you're 'bad' at organizing; it could be a symptom of underlying difficulties that need addressing. Identifying these underlying issues can help in finding a more effective strategy for organizing.",ocd,ocd,23897.680799997033,23615.320500000962,3
1764004362.600275,74,3,300.00896504020693,"I have to check the door multiple times before I can leave, or I feel something bad will happen.","It sounds like you're experiencing intrusive thoughts or obsessions that are triggering these compulsions to check the door. These can be quite distressing. While the door-checking behavior might seem like a way to feel safer, research suggests that it can actually have negative consequences. For example, checking the door excessively can lead to overestimation of safety risks and increased anxiety. It might be beneficial to explore other ways to address these intrusive thoughts, such as cognitive restructuring or seeking support from a therapist. Would you like to discuss some strategies for managing these obsessions?",ocd,ocd,23898.305200000323,23613.638200000423,3
1764004362.600275,75,3,300.0090160655975,"If I don't arrange things in a specific order, I feel incredibly uncomfortable.","This discomfort suggests that a sense of order or predictability is tied to your feelings of comfort. This can be linked to the idea that our brains process information in a way that predicts what comes next, and when things are out of order, our brain goes into 'prediction mode' trying to fill the perceived gap. This is a common pattern in OCD, and it's also a key factor in why people with OCD often have strong preferences for specific arrangements. The specific order you mentioned (e.g., which way doors open, which room is next) is likely to be a good one for you, given your personal preferences and comfort level.",ocd,ocd,23898.789700000634,23609.05119999734,3
